Id,Name
a1Hg500000001tmEAA,Apple Cinnamon Roll Casserole
a1Hg500000001tlEAA,Apples with Almond-Apricot Sauce
a1Hg500000001tnEAA,Asiago Chicken Pasta
a1Hg500000001tpEAA,Avocado and Coconut Refresher Smoothie
a1Hg500000001toEAA,Avocado-Chimichurri Steak with Grilled Asparagus
a1Hg500000001tqEAA,AvoFredo Zoodles (Avocado Alfredo Zucchini Noodles)
a1Hg500000001trEAA,Bacon Mac and Cheese
a1Hg500000001tsEAA,Baked Lemon Pepper Chicken
a1Hg500000001ttEAA,Baked Salmon with Herb Butter
a1Hg500000001tuEAA,Baked Spaghetti
a1Hg500000001tvEAA,Banana Bread Smoothie
a1Hg500000001txEAA,Beef with Broccoli
a1Hg500000001twEAA,Bengali Chicken Curry
a1Hg500000001vbEAA,Best for meal prep?
a1Hg500000001tyEAA,Biscuits and Gravy Casserole
a1Hg500000001tzEAA,Blackened Salmon Tacos
a1Hg500000001u0EAA,Broccoli Chicken Divan
a1Hg500000001u1EAA,Chef John's Fresh Salmon Cakes
a1Hg500000001u2EAA,Chef John's Macaroni and Cheese
a1Hg500000001u3EAA,Chicken and Black Bean Tostadas
a1Hg500000001u4EAA,Chicken Bacon Ranch Tater Tot Casserole
a1Hg500000001u5EAA,Chicken Cordon Bleu
a1Hg500000001u6EAA,Chicken Mole with Tortilla Strips
a1Hg500000001u7EAA,Chicken Noodle Casserole
a1Hg500000001u8EAA,Chicken with Creamy Mushroom Sauce
a1Hg500000001u9EAA,Chicken Zoodle Lo Mein
a1Hg500000001uAEAQ,Chilled Peanut Noodle Salad
a1Hg500000001uBEAQ,Cinnamon Roll Casserole
a1Hg500000001uCEAQ,Cinnamon Roll French Toast Casserole
a1Hg500000001uDEAQ,Cinnamon Roll Waffles
a1Hg500000001uEEAQ,Classic Baked Ziti
a1Hg500000001uFEAQ,Classic Shepherd's Pie
a1Hg500000001uGEAQ,Crack Chicken Penne
a1Hg500000001uHEAQ,Creamy Cajun Chicken Pasta
a1Hg500000001uIEAQ,Creamy Chicken Mushroom Stroganoff
a1Hg500000001uJEAQ,Creamy Coconut Butternut Squash Soup
a1Hg500000001uKEAQ,Creamy Garlic Pasta
a1Hg500000001uLEAQ,Creamy Garlic Shrimp
a1Hg500000001uMEAQ,Creamy Homemade Baked Mac and Cheese
a1Hg500000001uNEAQ,Crock Pot Crack Chicken
a1Hg500000001vcEAA,Crowd-pleasers for families?
a1Hg500000001uOEAQ,Cuban Fried Pork Chunks (Masitas de Puerco)
a1Hg500000001uPEAQ,Easy Sesame Chicken
a1Hg500000001uQEAQ,Easy Two-Ingredient Pulled Pork
a1Hg500000001uSEAQ,Egg Muffin Cups with Turkey Sausage
a1Hg500000001uREAQ,"Egg, Avocado and Black Bean Breakfast Burrito"
a1Hg500000001uTEAQ,Fish Tacos with Corn Salad
a1Hg500000001uUEAQ,French Onion Soup
a1Hg500000001uVEAQ,Garlic Butter Baked Chicken Thighs
a1Hg500000001uWEAQ,Garlic Butter Quinoa
a1Hg500000001uXEAQ,Garlic Parmesan Pasta
a1Hg500000001uYEAQ,Greek Lemon Chicken and Potato Bake
a1Hg500000001uZEAQ,Greek-Seasoned Shrimp and Ravioli Sauté
a1Hg500000001uaEAA,Green Tea Berry Banana Smoothie
a1Hg500000001ubEAA,Honey and Spice Pears
a1Hg500000001ucEAA,Honey Garlic Chicken
a1Hg500000001udEAA,Hot Tamale Pie
a1Hg500000001ueEAA,Indian Chicken Curry
a1Hg500000001ufEAA,Indian-Spiced Pumpkin-Apple Soup
a1Hg500000001ugEAA,Kielbasa and Potatoes Single Skillet
a1Hg500000001uhEAA,Lemon Pepper Chicken & Tri-Color Pepper Burritos
a1Hg500000001uiEAA,Make-Ahead Slow Cooker Beef Stew
a1Hg500000001ujEAA,Mama's Chicken and Rice Casserole
a1Hg500000001ukEAA,Mango Avocado and Black Bean Salad
a1Hg500000001ulEAA,Masitas de Puerco (Cuban Fried Pork)
a1Hg500000001umEAA,Mediterranean Chicken Sheet Pan Dinner
a1Hg500000001unEAA,Memphis BBQ Pork Totchos
a1Hg500000001uoEAA,Mother's Pot Roast
a1Hg500000001vZEAQ,Need something hands-off?
a1Hg500000001vYEAQ,Need something in 15 minutes?
a1Hg500000001vaEAA,Need to impress?
a1Hg500000001upEAA,No-Noodle Zucchini Lasagna
a1Hg500000001uqEAA,One-Pan Chicken & Rice
a1Hg500000001urEAA,One-Pot Creamy Garlic Pasta
a1Hg500000001utEAA,Oven Roasted Parmesan Potatoes
a1Hg500000001usEAA,Oven-Baked Baby Back Ribs
a1Hg500000001uuEAA,Overnight No-Cook Banana Oatmeal
a1Hg500000001uvEAA,Parisian Potatoes
a1Hg500000001uwEAA,Poached Egg Tostadas with Avocado-Pico de Gallo
a1Hg500000001uxEAA,Pork Chops in Garlic Mushroom Sauce
a1Hg500000001uyEAA,Pork with Mushrooms and Brie Sauce
a1Hg500000001uzEAA,Puff Pastry Salmon
a1Hg500000001v0EAA,Pumpkin Spice Smoothie
a1Hg500000001v1EAA,Quick Turkey & Veggie Stir-Fry
a1Hg500000001v2EAA,Salmon with Honey-Balsamic Glaze
a1Hg500000001v3EAA,Salsa Verde Pork
a1Hg500000001v4EAA,Saucy Boneless Chicken Wings
a1Hg500000001v5EAA,Sausage Stuffed Mushrooms
a1Hg500000001v6EAA,Sheet Pan Chicken Fajitas
a1Hg500000001v7EAA,Sheet Pan Shrimp & Veggies
a1Hg500000001v8EAA,Shepherd's Pie (Classic)
a1Hg500000001v9EAA,Shrimp Scampi with Roasted Peppers and Spinach
a1Hg500000001vAEAQ,Simple Chicken or Shrimp Stir-Fry
a1Hg500000001vBEAQ,Simple Chicken Pot Pie
a1Hg500000001vGEAQ,Slow Cooker 3-Ingredient French Dips
a1Hg500000001vCEAQ,Slow Cooker Baby Back Ribs
a1Hg500000001vDEAQ,Slow Cooker Beef Stew
a1Hg500000001vEEAQ,Slow Cooker Chicken & Vegetable Soup
a1Hg500000001vFEAQ,Slow Cooker Chicken and Salsa
a1Hg500000001vHEAQ,Slow Cooker Hawaiian Chicken
a1Hg500000001vIEAQ,Slow Cooker Pot Roast
a1Hg500000001vJEAQ,So Simple Beef Stroganoff
a1Hg500000001vKEAQ,Spaghetti Pizza
a1Hg500000001vLEAQ,Spicy Thai Peanut Chicken
a1Hg500000001vMEAQ,Spinach Soufflés
a1Hg500000001vNEAQ,St. Louis Toasted Ravioli
a1Hg500000001vOEAQ,Strawberry Orange Smoothie
a1Hg500000001vPEAQ,Sweet and Sour Pork Fried Rice
a1Hg500000001vQEAQ,Sweet Creamed Corn Casserole
a1Hg500000001vREAQ,Taco Chili
a1Hg500000001vSEAQ,Tater Tots Casserole
a1Hg500000001vTEAQ,TikTok Cinnamon Rolls with Heavy Cream
a1Hg500000001vUEAQ,Traditional Potato Latkes
a1Hg500000001vVEAQ,Ultra Crispy Smashed Potatoes
a1Hg500000001vWEAQ,Veggie Lo Mein
a1Hg500000001vXEAQ,Zesty Avocado and Wild Blueberry Smoothie Bowl
